{
  "best_params": {
    "W_CHAR": 2,
    "W_WORD": 5,
    "W_BI": 2,
    "W_TRI": 0,
    "W_POS": 3,
    "CHAR_MIN": 3,
    "CHAR_MAX": 4,
    "alpha": 0.015773648505201143,
    "learning_rate_init": 0.0007522927354159601,
    "activation": "tanh",
    "hidden_1": 96,
    "hidden_2": 64
  },
  "categories": [
    "ACCOUNTING",
    "BANKING",
    "BUSINESS",
    "CYBER",
    "GOSSIP",
    "HR_COMPLAINT",
    "HR_HIRING",
    "INFRA",
    "LOVE",
    "MISC",
    "TECH"
  ],
  "test_metrics": {
    "mean_recall": 0.9156522471286987,
    "min_recall": 0.8260869565217391,
    "balanced_accuracy": 0.9156522471286987,
    "per_class_recall": {
      "ACCOUNTING": 0.9520697167755992,
      "BANKING": 0.9333333333333333,
      "BUSINESS": 0.9308943089430894,
      "CYBER": 0.9124087591240876,
      "GOSSIP": 0.9360341151385928,
      "HR_COMPLAINT": 0.9256198347107438,
      "HR_HIRING": 0.9240837696335078,
      "INFRA": 0.8963730569948186,
      "LOVE": 0.9360613810741688,
      "MISC": 0.8260869565217391,
      "TECH": 0.8992094861660079
    }
  },
  "model_info": {
    "n_iterations": 19,
    "final_loss": 0.014453812552120618,
    "input_size": 8192,
    "hidden_layers": [
      96,
      64
    ],
    "total_params": 793451
  },
  "training_config": {
    "n_trials": 60,
    "random_seed": 42,
    "dataset_file": "DataSetTeensyv9_ULTRA_CLEAN.csv",
    "train_samples": 14904,
    "val_samples": 4969,
    "test_samples": 4969
  },
  "timestamp": "20260205_172955"
}